구분,업종,월추정매출액(원),카드1장당_월평균지출(원),근거
업종대분류(실측),소매/유통,2476644199323.5,194443.59200273416,outputs/tables/segment_industry_amt.csv / N=이용건수÷15(config 가정치)
업종대분류(실측),음식,1217212289136.25,95564.44554860663,outputs/tables/segment_industry_amt.csv / N=이용건수÷15(config 가정치)
업종대분류(실측),의료/건강,1014311693549.0,79634.53497192565,outputs/tables/segment_industry_amt.csv / N=이용건수÷15(config 가정치)
업종대분류(실측),생활서비스,952356848783.0,74770.40367621373,outputs/tables/segment_industry_amt.csv / N=이용건수÷15(config 가정치)
업종대분류(실측),학문/교육,270121230759.75,21207.46387368524,outputs/tables/segment_industry_amt.csv / N=이용건수÷15(config 가정치)
업종대분류(실측),여가/오락,150980617761.5,11853.625824959774,outputs/tables/segment_industry_amt.csv / N=이용건수÷15(config 가정치)
업종대분류(실측),미디어/통신,117502721273.25,9225.245677480718,outputs/tables/segment_industry_amt.csv / N=이용건수÷15(config 가정치)
업종대분류(실측),공공/기업/단체,88145003457.5,6920.34451054832,outputs/tables/segment_industry_amt.csv / N=이용건수÷15(config 가정치)
업종대분류(실측),공연/전시,15175727605.25,1191.4601974824982,outputs/tables/segment_industry_amt.csv / N=이용건수÷15(config 가정치)
업종대분류(실측),전체(9개 업종 합),6302450331649.0,494811.1162836367,outputs/tables/segment_industry_amt.csv / N=이용건수÷15(config 가정치)
업종중분류(신규가정 대리지표),종합소매점,1238365878002.0,97225.23307873671,data/processed/02_cleaned.parquet 재집계(03_segment.py와 동일 필터)
업종중분류(신규가정 대리지표),연료판매,556849116650.75,43718.73136831567,data/processed/02_cleaned.parquet 재집계(03_segment.py와 동일 필터)
업종중분류(신규가정 대리지표),일반병원,521940982833.5,40978.06198536907,data/processed/02_cleaned.parquet 재집계(03_segment.py와 동일 필터)
업종중분류(신규가정 대리지표),한식,403437013494.25,31674.207410214636,data/processed/02_cleaned.parquet 재집계(03_segment.py와 동일 필터)
업종중분류(신규가정 대리지표),음/식료품소매,305878663088.5,24014.812456374675,data/processed/02_cleaned.parquet 재집계(03_segment.py와 동일 필터)
업종중분류(신규가정 대리지표),제조/도매,213150589858.25,16734.646963363037,data/processed/02_cleaned.parquet 재집계(03_segment.py와 동일 필터)
업종중분류(신규가정 대리지표),의약/의료품,200025601433.75,15704.192166928737,data/processed/02_cleaned.parquet 재집계(03_segment.py와 동일 필터)
업종중분류(신규가정 대리지표),특화병원,189808738272.0,14902.056933812197,data/processed/02_cleaned.parquet 재집계(03_segment.py와 동일 필터)
업종중분류(신규가정 대리지표),차량관리/서비스,179136835803.0,14064.196150199426,data/processed/02_cleaned.parquet 재집계(03_segment.py와 동일 필터)
업종중분류(신규가정 대리지표),의복/의류,175136585902.5,13750.132886782638,data/processed/02_cleaned.parquet 재집계(03_segment.py와 동일 필터)
업종중분류(신규가정 대리지표),인테리어/가정용품,127973373353.5,10047.306109758732,data/processed/02_cleaned.parquet 재집계(03_segment.py와 동일 필터)
업종중분류(신규가정 대리지표),고기요리,120884600435.25,9490.760090959287,data/processed/02_cleaned.parquet 재집계(03_segment.py와 동일 필터)
업종중분류(신규가정 대리지표),커피/음료,120353135702.25,9449.034310673398,data/processed/02_cleaned.parquet 재집계(03_segment.py와 동일 필터)
업종중분류(신규가정 대리지표),일식/수산물,107175804480.0,8414.470033509988,data/processed/02_cleaned.parquet 재집계(03_segment.py와 동일 필터)
업종중분류(신규가정 대리지표),인터넷쇼핑,106088162835.25,8329.078297274835,data/processed/02_cleaned.parquet 재집계(03_segment.py와 동일 필터)
업종중분류(신규가정 대리지표),화장품소매,100517617782.25,7891.729731092319,data/processed/02_cleaned.parquet 재집계(03_segment.py와 동일 필터)
업종중분류(신규가정 대리지표),입시학원,92190094064.5,7237.928258676712,data/processed/02_cleaned.parquet 재집계(03_segment.py와 동일 필터)
업종중분류(신규가정 대리지표),미용서비스,91084865773.0,7151.155778785977,data/processed/02_cleaned.parquet 재집계(03_segment.py와 동일 필터)
업종중분류(신규가정 대리지표),일반스포츠,81578292515.5,6404.786053037583,data/processed/02_cleaned.parquet 재집계(03_segment.py와 동일 필터)
업종중분류(신규가정 대리지표),가전제품,78839935705.75,6189.795165602731,data/processed/02_cleaned.parquet 재집계(03_segment.py와 동일 필터)
업종중분류(신규가정 대리지표),제과/제빵/떡/케익,73214161278.0,5748.110490901521,data/processed/02_cleaned.parquet 재집계(03_segment.py와 동일 필터)
업종중분류(신규가정 대리지표),유아교육,71503165624.75,5613.778663661311,data/processed/02_cleaned.parquet 재집계(03_segment.py와 동일 필터)
업종중분류(신규가정 대리지표),기업,68553232065.0,5382.176692863939,data/processed/02_cleaned.parquet 재집계(03_segment.py와 동일 필터)
업종중분류(신규가정 대리지표),별식/퓨전요리,61488241165.5,4827.497822019008,data/processed/02_cleaned.parquet 재집계(03_segment.py와 동일 필터)
업종중분류(신규가정 대리지표),패스트푸드,56536949388.0,4438.767394558463,data/processed/02_cleaned.parquet 재집계(03_segment.py와 동일 필터)
업종중분류(신규가정 대리지표),분식,55367950760.25,4346.988247481921,data/processed/02_cleaned.parquet 재집계(03_segment.py와 동일 필터)
업종중분류(신규가정 대리지표),닭/오리요리,54226482565.0,4257.370539737742,data/processed/02_cleaned.parquet 재집계(03_segment.py와 동일 필터)
업종중분류(신규가정 대리지표),간이주점,52384423413.75,4112.748797887058,data/processed/02_cleaned.parquet 재집계(03_segment.py와 동일 필터)
업종중분류(신규가정 대리지표),스포츠/레져용품,50173565756.25,3939.172349381263,data/processed/02_cleaned.parquet 재집계(03_segment.py와 동일 필터)
업종중분류(신규가정 대리지표),수의업,46591556195.75,3657.945516022638,data/processed/02_cleaned.parquet 재집계(03_segment.py와 동일 필터)
업종중분류(신규가정 대리지표),외국어학원,43523688960.5,3417.084464938898,data/processed/02_cleaned.parquet 재집계(03_segment.py와 동일 필터)
업종중분류(신규가정 대리지표),차량관리/부품,41847759815.25,3285.5057411829803,data/processed/02_cleaned.parquet 재집계(03_segment.py와 동일 필터)
업종중분류(신규가정 대리지표),중식,39918379340.0,3134.028322646225,data/processed/02_cleaned.parquet 재집계(03_segment.py와 동일 필터)
업종중분류(신규가정 대리지표),기타의료,37153169742.0,2916.9291983463263,data/processed/02_cleaned.parquet 재집계(03_segment.py와 동일 필터)
업종중분류(신규가정 대리지표),패션잡화,34994632356.0,2747.460462013236,data/processed/02_cleaned.parquet 재집계(03_segment.py와 동일 필터)
업종중분류(신규가정 대리지표),취미/오락,32541277542.75,2554.845340924857,data/processed/02_cleaned.parquet 재집계(03_segment.py와 동일 필터)
업종중분류(신규가정 대리지표),양식,31579000626.0,2479.2961036766096,data/processed/02_cleaned.parquet 재집계(03_segment.py와 동일 필터)
업종중분류(신규가정 대리지표),예체능계학원,31042501076.25,2437.175035341588,data/processed/02_cleaned.parquet 재집계(03_segment.py와 동일 필터)
업종중분류(신규가정 대리지표),차량판매,29351184478.0,2304.388228634591,data/processed/02_cleaned.parquet 재집계(03_segment.py와 동일 필터)
업종중분류(신규가정 대리지표),서적/도서,25641146080.0,2013.109734625545,data/processed/02_cleaned.parquet 재집계(03_segment.py와 동일 필터)
업종중분류(신규가정 대리지표),숙박,23763141190.25,1865.665860103143,data/processed/02_cleaned.parquet 재집계(03_segment.py와 동일 필터)
업종중분류(신규가정 대리지표),가례서비스,22152897734.5,1739.244179661338,data/processed/02_cleaned.parquet 재집계(03_segment.py와 동일 필터)
업종중분류(신규가정 대리지표),선물/완구,20619536367.25,1618.8585820176577,data/processed/02_cleaned.parquet 재집계(03_segment.py와 동일 필터)
업종중분류(신규가정 대리지표),광고/인쇄/인화,20558157272.0,1614.0396533408828,data/processed/02_cleaned.parquet 재집계(03_segment.py와 동일 필터)
업종중분류(신규가정 대리지표),유흥주점,19305696312.25,1515.7078025552498,data/processed/02_cleaned.parquet 재집계(03_segment.py와 동일 필터)
업종중분류(신규가정 대리지표),종합병원,18791645072.0,1475.3491714466825,data/processed/02_cleaned.parquet 재집계(03_segment.py와 동일 필터)
업종중분류(신규가정 대리지표),렌탈서비스,18502501811.25,1452.6482706717668,data/processed/02_cleaned.parquet 재집계(03_segment.py와 동일 필터)
업종중분류(신규가정 대리지표),단체,17865174132.25,1402.6110940674828,data/processed/02_cleaned.parquet 재집계(03_segment.py와 동일 필터)
업종중분류(신규가정 대리지표),기타교육,16516300934.0,1296.7098306176952,data/processed/02_cleaned.parquet 재집계(03_segment.py와 동일 필터)
업종중분류(신규가정 대리지표),세탁/가사서비스,14691167493.5,1153.416941735204,data/processed/02_cleaned.parquet 재집계(03_segment.py와 동일 필터)
업종중분류(신규가정 대리지표),건강/기호식품,14667981838.5,1151.5966148419154,data/processed/02_cleaned.parquet 재집계(03_segment.py와 동일 필터)
업종중분류(신규가정 대리지표),공연관람,13895345304.0,1090.936216742842,data/processed/02_cleaned.parquet 재집계(03_segment.py와 동일 필터)
업종중분류(신규가정 대리지표),요가/단전/마사지,13097906513.0,1028.3285708941926,data/processed/02_cleaned.parquet 재집계(03_segment.py와 동일 필터)
업종중분류(신규가정 대리지표),회비/공과금,12864237617.5,1009.9830130652794,data/processed/02_cleaned.parquet 재집계(03_segment.py와 동일 필터)
업종중분류(신규가정 대리지표),사우나/휴게시설,12779761733.5,1003.3507344654494,data/processed/02_cleaned.parquet 재집계(03_segment.py와 동일 필터)
업종중분류(신규가정 대리지표),부페,12272676540.75,963.5390140913071,data/processed/02_cleaned.parquet 재집계(03_segment.py와 동일 필터)
업종중분류(신규가정 대리지표),기타결제,10381757867.0,815.0812666242192,data/processed/02_cleaned.parquet 재집계(03_segment.py와 동일 필터)
업종중분류(신규가정 대리지표),휴게소/대형업체,7974481714.75,626.0838231828611,data/processed/02_cleaned.parquet 재집계(03_segment.py와 동일 필터)
업종중분류(신규가정 대리지표),전문서비스,7682918260.0,603.1929107725107,data/processed/02_cleaned.parquet 재집계(03_segment.py와 동일 필터)
업종중분류(신규가정 대리지표),자동차학원,7061996094.75,554.4437459961152,data/processed/02_cleaned.parquet 재집계(03_segment.py와 동일 필터)
업종중분류(신규가정 대리지표),사무/교육용품,6817364600.0,535.2375045145245,data/processed/02_cleaned.parquet 재집계(03_segment.py와 동일 필터)
업종중분류(신규가정 대리지표),보안/운송,5769642467.75,452.97988556744247,data/processed/02_cleaned.parquet 재집계(03_segment.py와 동일 필터)
업종중분류(신규가정 대리지표),유아용품,5092983619.25,399.85478301992555,data/processed/02_cleaned.parquet 재집계(03_segment.py와 동일 필터)
업종중분류(신규가정 대리지표),수리서비스,4576767644.0,359.32619659470464,data/processed/02_cleaned.parquet 재집계(03_segment.py와 동일 필터)
업종중분류(신규가정 대리지표),독서실/고시원,4507563461.75,353.89291320988195,data/processed/02_cleaned.parquet 재집계(03_segment.py와 동일 필터)
업종중분류(신규가정 대리지표),기술/직업교육학원,3775920543.25,296.4509612430378,data/processed/02_cleaned.parquet 재집계(03_segment.py와 동일 필터)
업종중분류(신규가정 대리지표),기타용품,3115894694.5,244.63173065648078,data/processed/02_cleaned.parquet 재집계(03_segment.py와 동일 필터)
업종중분류(신규가정 대리지표),악기/공예,2732049783.5,214.49571705905052,data/processed/02_cleaned.parquet 재집계(03_segment.py와 동일 필터)
업종중분류(신규가정 대리지표),교통서비스,2011222429.0,157.90290487347568,data/processed/02_cleaned.parquet 재집계(03_segment.py와 동일 필터)
업종중분류(신규가정 대리지표),여행/유학대행,1965919331.0,154.34611738402603,data/processed/02_cleaned.parquet 재집계(03_segment.py와 동일 필터)
업종중분류(신규가정 대리지표),방문판매,1727456242.25,135.62416307614353,data/processed/02_cleaned.parquet 재집계(03_segment.py와 동일 필터)
업종중분류(신규가정 대리지표),음식배달서비스,1093291920.25,85.83534451135306,data/processed/02_cleaned.parquet 재집계(03_segment.py와 동일 필터)
업종중분류(신규가정 대리지표),종교,1067373912.75,83.8004981344571,data/processed/02_cleaned.parquet 재집계(03_segment.py와 동일 필터)
업종중분류(신규가정 대리지표),방송/미디어,868685430.75,68.20128443222104,data/processed/02_cleaned.parquet 재집계(03_segment.py와 동일 필터)
업종중분류(신규가정 대리지표),무점포서비스,750124970.25,58.892994684579726,data/processed/02_cleaned.parquet 재집계(03_segment.py와 동일 필터)
업종중분류(신규가정 대리지표),전시장,706568561.25,55.47334133953581,data/processed/02_cleaned.parquet 재집계(03_segment.py와 동일 필터)
업종중분류(신규가정 대리지표),금융상품/서비스,657775126.5,51.642524332582376,data/processed/02_cleaned.parquet 재집계(03_segment.py와 동일 필터)
업종중분류(신규가정 대리지표),공공기관,451683767.25,35.462103994351324,data/processed/02_cleaned.parquet 재집계(03_segment.py와 동일 필터)
업종중분류(신규가정 대리지표),문화서비스,414486245.25,32.54169265983005,data/processed/02_cleaned.parquet 재집계(03_segment.py와 동일 필터)
업종중분류(신규가정 대리지표),부동산,322936665.5,25.354051763413352,data/processed/02_cleaned.parquet 재집계(03_segment.py와 동일 필터)
업종중분류(신규가정 대리지표),학교,207539580.25,16.29412148808968,data/processed/02_cleaned.parquet 재집계(03_segment.py와 동일 필터)
업종중분류(신규가정 대리지표),시스템/통신,164115140.25,12.884829149443057,data/processed/02_cleaned.parquet 재집계(03_segment.py와 동일 필터)
업종중분류(신규가정 대리지표),경기관람,159327494.75,12.508946740290378,data/processed/02_cleaned.parquet 재집계(03_segment.py와 동일 필터)
