영역명,업종매핑(사용자가정),"f(수수료율,가정)",상품유형,r(명목최대혜택률),g*(명목),성립불가(r>=f),비고
국내외 가맹점,전가맹점,,범용형,0.01,,,"업종매핑 불가(전가맹점) — 단일 f 배정 불가, 계산4에서 별도 처리"
국내외 가맹점,전가맹점,,특화형,0.008,,,"업종매핑 불가(전가맹점) — 단일 f 배정 불가, 계산4에서 별도 처리"
국내외 가맹점,전가맹점,,혼합형,,,,CSV에 혜택률 값 없음 — 추정하지 않음
간편결제,전가맹점,,범용형,0.012,,,"업종매핑 불가(전가맹점) — 단일 f 배정 불가, 계산4에서 별도 처리"
간편결제,전가맹점,,특화형,0.05,,,"업종매핑 불가(전가맹점) — 단일 f 배정 불가, 계산4에서 별도 처리"
간편결제,전가맹점,,혼합형,0.05,,,"업종매핑 불가(전가맹점) — 단일 f 배정 불가, 계산4에서 별도 처리"
음식점 Day,음식,0.004,범용형,0.02,inf,True,
음식점 Day,음식,0.004,특화형,0.05,inf,True,
음식점 Day,음식,0.004,혼합형,0.05,inf,True,
음식점 Night,음식,0.004,범용형,0.02,inf,True,
음식점 Night,음식,0.004,특화형,0.05,inf,True,
음식점 Night,음식,0.004,혼합형,0.05,inf,True,
딜리버리,음식,0.004,범용형,0.03,inf,True,
딜리버리,음식,0.004,특화형,0.1,inf,True,
딜리버리,음식,0.004,혼합형,0.1,inf,True,
하나페이 맛집,음식,0.004,범용형,0.03,inf,True,
하나페이 맛집,음식,0.004,특화형,0.3,inf,True,
하나페이 맛집,음식,0.004,혼합형,0.2,inf,True,
패스트푸드,음식,0.004,범용형,0.04,inf,True,
패스트푸드,음식,0.004,특화형,0.3,inf,True,
패스트푸드,음식,0.004,혼합형,0.2,inf,True,
베이커리,음식,0.004,범용형,0.04,inf,True,
베이커리,음식,0.004,특화형,0.3,inf,True,
베이커리,음식,0.004,혼합형,0.2,inf,True,
커피,음식,0.004,범용형,0.04,inf,True,
커피,음식,0.004,특화형,0.3,inf,True,
커피,음식,0.004,혼합형,0.2,inf,True,
쿠팡,소매/유통,0.0115,범용형,0.02,inf,True,
쿠팡,소매/유통,0.0115,특화형,0.1,inf,True,
쿠팡,소매/유통,0.0115,혼합형,0.05,inf,True,
네이버플러스 스토어,소매/유통,0.0115,범용형,0.02,inf,True,
네이버플러스 스토어,소매/유통,0.0115,특화형,0.1,inf,True,
네이버플러스 스토어,소매/유통,0.0115,혼합형,0.05,inf,True,
오픈마켓,소매/유통,0.0115,범용형,0.02,inf,True,
오픈마켓,소매/유통,0.0115,특화형,0.1,inf,True,
오픈마켓,소매/유통,0.0115,혼합형,0.1,inf,True,
온라인식품&쇼핑,소매/유통,0.0115,범용형,0.02,inf,True,
온라인식품&쇼핑,소매/유통,0.0115,특화형,0.1,inf,True,
온라인식품&쇼핑,소매/유통,0.0115,혼합형,0.1,inf,True,
신세계백화점,소매/유통,0.0115,범용형,0.02,inf,True,
신세계백화점,소매/유통,0.0115,특화형,0.1,inf,True,
신세계백화점,소매/유통,0.0115,혼합형,0.05,inf,True,
롯데백화점,소매/유통,0.0115,범용형,0.02,inf,True,
롯데백화점,소매/유통,0.0115,특화형,0.1,inf,True,
롯데백화점,소매/유통,0.0115,혼합형,0.05,inf,True,
현대백화점,소매/유통,0.0115,범용형,0.02,inf,True,
현대백화점,소매/유통,0.0115,특화형,0.1,inf,True,
현대백화점,소매/유통,0.0115,혼합형,0.05,inf,True,
마트,소매/유통,0.0115,범용형,0.02,inf,True,
마트,소매/유통,0.0115,특화형,0.1,inf,True,
마트,소매/유통,0.0115,혼합형,0.05,inf,True,
홈쇼핑,소매/유통,0.0115,범용형,0.02,inf,True,
홈쇼핑,소매/유통,0.0115,특화형,0.1,inf,True,
홈쇼핑,소매/유통,0.0115,혼합형,0.1,inf,True,
슈퍼마켓,소매/유통,0.0115,범용형,0.02,inf,True,
슈퍼마켓,소매/유통,0.0115,특화형,0.1,inf,True,
슈퍼마켓,소매/유통,0.0115,혼합형,0.05,inf,True,
아울렛,소매/유통,0.0115,범용형,0.02,inf,True,
아울렛,소매/유통,0.0115,특화형,0.1,inf,True,
아울렛,소매/유통,0.0115,혼합형,0.05,inf,True,
온라인명품,소매/유통,0.0115,범용형,0.02,inf,True,
온라인명품,소매/유통,0.0115,특화형,0.1,inf,True,
온라인명품,소매/유통,0.0115,혼합형,0.1,inf,True,
온라인패션,소매/유통,0.0115,범용형,0.02,inf,True,
온라인패션,소매/유통,0.0115,특화형,0.2,inf,True,
온라인패션,소매/유통,0.0115,혼합형,0.1,inf,True,
SPA브랜드,소매/유통,0.0115,범용형,0.02,inf,True,
SPA브랜드,소매/유통,0.0115,특화형,0.2,inf,True,
SPA브랜드,소매/유통,0.0115,혼합형,0.1,inf,True,
편의점,소매/유통,0.0115,범용형,0.03,inf,True,
편의점,소매/유통,0.0115,특화형,0.1,inf,True,
편의점,소매/유통,0.0115,혼합형,0.1,inf,True,
대중교통,생활서비스,0.004,범용형,0.05,inf,True,
대중교통,생활서비스,0.004,특화형,0.1,inf,True,
대중교통,생활서비스,0.004,혼합형,0.1,inf,True,
병원/약국,의료/건강,0.01,범용형,0.02,inf,True,
병원/약국,의료/건강,0.01,특화형,0.1,inf,True,
병원/약국,의료/건강,0.01,혼합형,0.05,inf,True,
학원,학문/교육,0.01,범용형,0.02,inf,True,
학원,학문/교육,0.01,특화형,0.1,inf,True,
학원,학문/교육,0.01,혼합형,0.05,inf,True,
생활요금,생활서비스,0.004,범용형,0.02,inf,True,
생활요금,생활서비스,0.004,특화형,0.1,inf,True,
생활요금,생활서비스,0.004,혼합형,0.05,inf,True,
SKT 통신요금,미디어/통신,0.0208,범용형,0.03,inf,True,
SKT 통신요금,미디어/통신,0.0208,특화형,0.1,inf,True,
SKT 통신요금,미디어/통신,0.0208,혼합형,0.1,inf,True,
KT 통신요금,미디어/통신,0.0208,범용형,0.03,inf,True,
KT 통신요금,미디어/통신,0.0208,특화형,0.1,inf,True,
KT 통신요금,미디어/통신,0.0208,혼합형,0.05,inf,True,
LGU+ 통신요금,미디어/통신,0.0208,범용형,0.03,inf,True,
LGU+ 통신요금,미디어/통신,0.0208,특화형,0.1,inf,True,
LGU+ 통신요금,미디어/통신,0.0208,혼합형,0.05,inf,True,
T멤버십 바코드 결제,생활서비스,0.004,범용형,0.02,inf,True,
T멤버십 바코드 결제,생활서비스,0.004,특화형,0.2,inf,True,
T멤버십 바코드 결제,생활서비스,0.004,혼합형,0.05,inf,True,
드럭스토어,소매/유통,0.0115,범용형,0.03,inf,True,
드럭스토어,소매/유통,0.0115,특화형,0.2,inf,True,
드럭스토어,소매/유통,0.0115,혼합형,0.1,inf,True,
세탁,생활서비스,0.004,범용형,0.04,inf,True,
세탁,생활서비스,0.004,특화형,0.3,inf,True,
세탁,생활서비스,0.004,혼합형,0.1,inf,True,
인테리어,생활서비스,0.004,범용형,0.03,inf,True,
인테리어,생활서비스,0.004,특화형,0.1,inf,True,
인테리어,생활서비스,0.004,혼합형,0.1,inf,True,
렌탈,생활서비스,0.004,범용형,0.05,inf,True,
렌탈,생활서비스,0.004,특화형,0.3,inf,True,
렌탈,생활서비스,0.004,혼합형,0.2,inf,True,
뷰티&펫,생활서비스,0.004,범용형,0.04,inf,True,
뷰티&펫,생활서비스,0.004,특화형,0.2,inf,True,
뷰티&펫,생활서비스,0.004,혼합형,0.1,inf,True,
SK주유&쇼핑,생활서비스,0.004,범용형,0.03,inf,True,
SK주유&쇼핑,생활서비스,0.004,특화형,0.1,inf,True,
SK주유&쇼핑,생활서비스,0.004,혼합형,0.05,inf,True,
택시,생활서비스,0.004,범용형,0.05,inf,True,
택시,생활서비스,0.004,특화형,0.2,inf,True,
택시,생활서비스,0.004,혼합형,0.1,inf,True,
주유/LPG충전,생활서비스,0.004,범용형,0.03,inf,True,
주유/LPG충전,생활서비스,0.004,특화형,0.1,inf,True,
주유/LPG충전,생활서비스,0.004,혼합형,0.05,inf,True,
친환경 충전,생활서비스,0.004,범용형,0.05,inf,True,
친환경 충전,생활서비스,0.004,특화형,0.4,inf,True,
친환경 충전,생활서비스,0.004,혼합형,0.1,inf,True,
차량정비 및 주차,생활서비스,0.004,범용형,0.03,inf,True,
차량정비 및 주차,생활서비스,0.004,특화형,0.2,inf,True,
차량정비 및 주차,생활서비스,0.004,혼합형,0.1,inf,True,
카쉐어링,생활서비스,0.004,범용형,0.03,inf,True,
카쉐어링,생활서비스,0.004,특화형,0.2,inf,True,
카쉐어링,생활서비스,0.004,혼합형,0.1,inf,True,
스포츠센터,여가/오락,0.004,범용형,0.02,inf,True,
스포츠센터,여가/오락,0.004,특화형,0.1,inf,True,
스포츠센터,여가/오락,0.004,혼합형,0.1,inf,True,
당구,여가/오락,0.004,범용형,0.05,inf,True,
당구,여가/오락,0.004,특화형,0.3,inf,True,
당구,여가/오락,0.004,혼합형,0.2,inf,True,
웹툰/도서,여가/오락,0.004,범용형,0.05,inf,True,
웹툰/도서,여가/오락,0.004,특화형,0.3,inf,True,
웹툰/도서,여가/오락,0.004,혼합형,0.2,inf,True,
영화,여가/오락,0.004,범용형,0.05,inf,True,
영화,여가/오락,0.004,특화형,0.3,inf,True,
영화,여가/오락,0.004,혼합형,0.2,inf,True,
골프,여가/오락,0.004,범용형,0.02,inf,True,
골프,여가/오락,0.004,특화형,0.1,inf,True,
골프,여가/오락,0.004,혼합형,0.1,inf,True,
숙박,여가/오락,0.004,범용형,0.02,inf,True,
숙박,여가/오락,0.004,특화형,0.2,inf,True,
숙박,여가/오락,0.004,혼합형,0.1,inf,True,
면세점,소매/유통,0.0115,범용형,0.02,inf,True,
면세점,소매/유통,0.0115,특화형,0.2,inf,True,
면세점,소매/유통,0.0115,혼합형,0.1,inf,True,
항공권,여가/오락,0.004,범용형,0.02,inf,True,
항공권,여가/오락,0.004,특화형,0.2,inf,True,
항공권,여가/오락,0.004,혼합형,0.1,inf,True,
철도/시외·고속버스,생활서비스,0.004,범용형,0.03,inf,True,
철도/시외·고속버스,생활서비스,0.004,특화형,0.2,inf,True,
철도/시외·고속버스,생활서비스,0.004,혼합형,0.1,inf,True,
해외,여가/오락,0.004,범용형,0.02,inf,True,
해외,여가/오락,0.004,특화형,0.1,inf,True,
해외,여가/오락,0.004,혼합형,0.05,inf,True,
디지털 멤버십,미디어/통신,0.0208,범용형,0.05,inf,True,
디지털 멤버십,미디어/통신,0.0208,특화형,0.5,inf,True,
디지털 멤버십,미디어/통신,0.0208,혼합형,0.2,inf,True,
영상 스트리밍,미디어/통신,0.0208,범용형,0.05,inf,True,
영상 스트리밍,미디어/통신,0.0208,특화형,0.5,inf,True,
영상 스트리밍,미디어/통신,0.0208,혼합형,0.2,inf,True,
뮤직,미디어/통신,0.0208,범용형,0.05,inf,True,
뮤직,미디어/통신,0.0208,특화형,0.5,inf,True,
뮤직,미디어/통신,0.0208,혼합형,0.2,inf,True,
