매핑시나리오,"c(대행수수료율, 가정)",세그먼트,지출가중 f_seg,잠식률,잠식률순위(1=가장큼),순위
비관(한 단계 아래),0.0005,cluster0,0.006947487144708079,0.044764386536057084,3,cluster1 > cluster2 > cluster0
비관(한 단계 아래),0.0005,cluster1,0.006618911179255048,0.04698658005484865,1,cluster1 > cluster2 > cluster0
비관(한 단계 아래),0.0005,cluster2,0.006685408103362137,0.04651922443501931,2,cluster1 > cluster2 > cluster0
비관(한 단계 아래),0.001,cluster0,0.006947487144708079,0.08952877307211417,3,cluster1 > cluster2 > cluster0
비관(한 단계 아래),0.001,cluster1,0.006618911179255048,0.0939731601096973,1,cluster1 > cluster2 > cluster0
비관(한 단계 아래),0.001,cluster2,0.006685408103362137,0.09303844887003862,2,cluster1 > cluster2 > cluster0
비관(한 단계 아래),0.0015,cluster0,0.006947487144708079,0.13429315960817126,3,cluster1 > cluster2 > cluster0
비관(한 단계 아래),0.0015,cluster1,0.006618911179255048,0.14095974016454596,1,cluster1 > cluster2 > cluster0
비관(한 단계 아래),0.0015,cluster2,0.006685408103362137,0.13955767330505792,2,cluster1 > cluster2 > cluster0
비관(한 단계 아래),0.001942,cluster0,0.006947487144708079,0.1738648773060457,3,cluster1 > cluster2 > cluster0
비관(한 단계 아래),0.001942,cluster1,0.006618911179255048,0.18249587693303215,1,cluster1 > cluster2 > cluster0
비관(한 단계 아래),0.001942,cluster2,0.006685408103362137,0.18068066770561497,2,cluster1 > cluster2 > cluster0
비관(한 단계 아래),0.002,cluster0,0.006947487144708079,0.17905754614422834,3,cluster1 > cluster2 > cluster0
비관(한 단계 아래),0.002,cluster1,0.006618911179255048,0.1879463202193946,1,cluster1 > cluster2 > cluster0
비관(한 단계 아래),0.002,cluster2,0.006685408103362137,0.18607689774007724,2,cluster1 > cluster2 > cluster0
비관(한 단계 아래),0.0025,cluster0,0.006947487144708079,0.2238219326802854,3,cluster1 > cluster2 > cluster0
비관(한 단계 아래),0.0025,cluster1,0.006618911179255048,0.23493290027424324,1,cluster1 > cluster2 > cluster0
비관(한 단계 아래),0.0025,cluster2,0.006685408103362137,0.23259612217509654,2,cluster1 > cluster2 > cluster0
기본(현재 가정),0.0005,cluster0,0.009177016099046167,0.0338890110514598,3,cluster1 > cluster2 > cluster0
기본(현재 가정),0.0005,cluster1,0.00817095097020508,0.03806166517631109,1,cluster1 > cluster2 > cluster0
기본(현재 가정),0.0005,cluster2,0.008714141955800515,0.03568911334901823,2,cluster1 > cluster2 > cluster0
기본(현재 가정),0.001,cluster0,0.009177016099046167,0.0677780221029196,3,cluster1 > cluster2 > cluster0
기본(현재 가정),0.001,cluster1,0.00817095097020508,0.07612333035262218,1,cluster1 > cluster2 > cluster0
기본(현재 가정),0.001,cluster2,0.008714141955800515,0.07137822669803646,2,cluster1 > cluster2 > cluster0
기본(현재 가정),0.0015,cluster0,0.009177016099046167,0.10166703315437939,3,cluster1 > cluster2 > cluster0
기본(현재 가정),0.0015,cluster1,0.00817095097020508,0.11418499552893328,1,cluster1 > cluster2 > cluster0
기본(현재 가정),0.0015,cluster2,0.008714141955800515,0.10706734004705469,2,cluster1 > cluster2 > cluster0
기본(현재 가정),0.001942,cluster0,0.009177016099046167,0.13162491892386985,3,cluster1 > cluster2 > cluster0
기본(현재 가정),0.001942,cluster1,0.00817095097020508,0.14783150754479227,1,cluster1 > cluster2 > cluster0
기본(현재 가정),0.001942,cluster2,0.008714141955800515,0.1386165162475868,2,cluster1 > cluster2 > cluster0
기본(현재 가정),0.002,cluster0,0.009177016099046167,0.1355560442058392,3,cluster1 > cluster2 > cluster0
기본(현재 가정),0.002,cluster1,0.00817095097020508,0.15224666070524437,1,cluster1 > cluster2 > cluster0
기본(현재 가정),0.002,cluster2,0.008714141955800515,0.14275645339607293,2,cluster1 > cluster2 > cluster0
기본(현재 가정),0.0025,cluster0,0.009177016099046167,0.16944505525729897,3,cluster1 > cluster2 > cluster0
기본(현재 가정),0.0025,cluster1,0.00817095097020508,0.19030832588155547,1,cluster1 > cluster2 > cluster0
기본(현재 가정),0.0025,cluster2,0.008714141955800515,0.17844556674509116,2,cluster1 > cluster2 > cluster0
낙관(한 단계 위),0.0005,cluster0,0.012640980891696267,0.02460252117019596,3,cluster1 > cluster2 > cluster0
낙관(한 단계 위),0.0005,cluster1,0.012270548716023193,0.025345239825655747,1,cluster1 > cluster2 > cluster0
낙관(한 단계 위),0.0005,cluster2,0.012433881415899588,0.025012302240739945,2,cluster1 > cluster2 > cluster0
낙관(한 단계 위),0.001,cluster0,0.012640980891696267,0.04920504234039192,3,cluster1 > cluster2 > cluster0
낙관(한 단계 위),0.001,cluster1,0.012270548716023193,0.050690479651311494,1,cluster1 > cluster2 > cluster0
낙관(한 단계 위),0.001,cluster2,0.012433881415899588,0.05002460448147989,2,cluster1 > cluster2 > cluster0
낙관(한 단계 위),0.0015,cluster0,0.012640980891696267,0.07380756351058788,3,cluster1 > cluster2 > cluster0
낙관(한 단계 위),0.0015,cluster1,0.012270548716023193,0.07603571947696723,1,cluster1 > cluster2 > cluster0
낙관(한 단계 위),0.0015,cluster2,0.012433881415899588,0.07503690672221983,2,cluster1 > cluster2 > cluster0
낙관(한 단계 위),0.001942,cluster0,0.012640980891696267,0.09555619222504111,3,cluster1 > cluster2 > cluster0
낙관(한 단계 위),0.001942,cluster1,0.012270548716023193,0.09844091148284691,1,cluster1 > cluster2 > cluster0
낙관(한 단계 위),0.001942,cluster2,0.012433881415899588,0.09714778190303394,2,cluster1 > cluster2 > cluster0
낙관(한 단계 위),0.002,cluster0,0.012640980891696267,0.09841008468078384,3,cluster1 > cluster2 > cluster0
낙관(한 단계 위),0.002,cluster1,0.012270548716023193,0.10138095930262299,1,cluster1 > cluster2 > cluster0
낙관(한 단계 위),0.002,cluster2,0.012433881415899588,0.10004920896295978,2,cluster1 > cluster2 > cluster0
낙관(한 단계 위),0.0025,cluster0,0.012640980891696267,0.1230126058509798,3,cluster1 > cluster2 > cluster0
낙관(한 단계 위),0.0025,cluster1,0.012270548716023193,0.12672619912827873,1,cluster1 > cluster2 > cluster0
낙관(한 단계 위),0.0025,cluster2,0.012433881415899588,0.1250615112036997,2,cluster1 > cluster2 > cluster0
부분(저수수료 3개 업종만 한 단계 위),0.0005,cluster0,0.010944358075536833,0.028416467905518994,1,cluster0 > cluster2 > cluster1
부분(저수수료 3개 업종만 한 단계 위),0.0005,cluster1,0.010960462667272668,0.028374714593812606,3,cluster0 > cluster2 > cluster1
부분(저수수료 3개 업종만 한 단계 위),0.0005,cluster2,0.010953527803391327,0.028392679105969054,2,cluster0 > cluster2 > cluster1
부분(저수수료 3개 업종만 한 단계 위),0.001,cluster0,0.010944358075536833,0.05683293581103799,1,cluster0 > cluster2 > cluster1
부분(저수수료 3개 업종만 한 단계 위),0.001,cluster1,0.010960462667272668,0.05674942918762521,3,cluster0 > cluster2 > cluster1
부분(저수수료 3개 업종만 한 단계 위),0.001,cluster2,0.010953527803391327,0.05678535821193811,2,cluster0 > cluster2 > cluster1
부분(저수수료 3개 업종만 한 단계 위),0.0015,cluster0,0.010944358075536833,0.08524940371655697,1,cluster0 > cluster2 > cluster1
부분(저수수료 3개 업종만 한 단계 위),0.0015,cluster1,0.010960462667272668,0.08512414378143782,3,cluster0 > cluster2 > cluster1
부분(저수수료 3개 업종만 한 단계 위),0.0015,cluster2,0.010953527803391327,0.08517803731790716,2,cluster0 > cluster2 > cluster1
부분(저수수료 3개 업종만 한 단계 위),0.001942,cluster0,0.010944358075536833,0.11036956134503575,1,cluster0 > cluster2 > cluster1
부분(저수수료 3개 업종만 한 단계 위),0.001942,cluster1,0.010960462667272668,0.11020739148236815,3,cluster0 > cluster2 > cluster1
부분(저수수료 3개 업종만 한 단계 위),0.001942,cluster2,0.010953527803391327,0.11027716564758379,2,cluster0 > cluster2 > cluster1
부분(저수수료 3개 업종만 한 단계 위),0.002,cluster0,0.010944358075536833,0.11366587162207598,1,cluster0 > cluster2 > cluster1
부분(저수수료 3개 업종만 한 단계 위),0.002,cluster1,0.010960462667272668,0.11349885837525042,3,cluster0 > cluster2 > cluster1
부분(저수수료 3개 업종만 한 단계 위),0.002,cluster2,0.010953527803391327,0.11357071642387621,2,cluster0 > cluster2 > cluster1
부분(저수수료 3개 업종만 한 단계 위),0.0025,cluster0,0.010944358075536833,0.14208233952759494,1,cluster0 > cluster2 > cluster1
부분(저수수료 3개 업종만 한 단계 위),0.0025,cluster1,0.010960462667272668,0.14187357296906303,3,cluster0 > cluster2 > cluster1
부분(저수수료 3개 업종만 한 단계 위),0.0025,cluster2,0.010953527803391327,0.14196339552984524,2,cluster0 > cluster2 > cluster1
